GroupName,Link,Monthly List
(G)I-DLE,https://open.spotify.com/artist/2AfmfGFbe0A0WsTYm0SDTx,1334398
015B,https://open.spotify.com/artist/4uU7KfTjcjyKUGWSaTzLu7,6931
05Class,None,#N/A
100% (group),https://open.spotify.com/artist/29DKnCQVGIb7uQA1RHlxIN,243
10X10,https://open.spotify.com/artist/0ATGYvt8HyUK8ydaxJybSi,1603
14U,https://open.spotify.com/artist/6Xgp2XMz1fhVYe7i6yNAax,4441964
1NB,https://open.spotify.com/artist/2Tglaf8nvDzwSQnpSrjLHP,1026009
1PS,https://open.spotify.com/artist/2cFrymmkijnjDg9SS92EPM,2980926
1TEAM,https://open.spotify.com/artist/3u9xBa2fe8b9jPf5JYFRH3,62584
1THE9,https://open.spotify.com/artist/6ZZafCTzyk1yjqEES63cMm,56000
24K,https://open.spotify.com/artist/0du5cEVh5yTK9QJze8zA0C,31708087
2:00 AM,https://open.spotify.com/artist/6MxlVTY6PmY8Nyn16fvxtb,465244
2EYES,https://open.spotify.com/artist/4LJbolSjae2xrHVYL5WrAl,8531
2NE1,https://open.spotify.com/artist/1l0mKo96Jh9HVYONcRl3Yp,1396526
2:00 PM,https://open.spotify.com/artist/5iRPbkcPmqAFFwDUj6ywVS,353223
2Z,https://open.spotify.com/artist/3XQ81u1a60R7egDWLKzV88,75917
365 Practice,https://open.spotify.com/artist/1MQgYLAO9HZMrimJrbuzbH,4
3RACHA,,#VALUE!
3YE,https://open.spotify.com/artist/65SWpUO42tdFbEhdfj1ryf,16723
4CARAT,https://open.spotify.com/artist/5v2WhpA59TJSdPh7LCx1lN,371816
4G,https://open.spotify.com/artist/6NnBBumbcMYsaPTHFhPtXD,5598
4K,https://open.spotify.com/artist/2oQX8QiMXOyuqbcZEFsZfm,855385
4L,https://open.spotify.com/artist/1URnnhqYAYcrqrcwql10ft,7686525
4minute,https://open.spotify.com/artist/6cdC1cwqh3eJAXaxXJt2jv,743575
4SOME,https://open.spotify.com/artist/5JJHnW1bhWbA3Slljbdktc,575
4TEN,https://open.spotify.com/artist/6XTJcgSOtX7zGavi7EOazp,20903
4Tomorrow,,#VALUE!
5tion,https://open.spotify.com/artist/6MJCgDOw7EfTJJtKPHXAcD,946
5URPRISE,https://open.spotify.com/artist/5q9BdeESGfyu6iVrGPhhj3,13221
8eight,https://open.spotify.com/artist/5fp3IPvTlnkqI5NvRnwldJ,235
9MUSES,https://open.spotify.com/artist/55tJwpPIz9BMrSLM45iEXX,130114
9MUSES A,https://open.spotify.com/artist/55tJwpPIz9BMrSLM45iEXX,130114
A Train to Autumn,https://open.spotify.com/artist/4uMb1GcepxsnkkShyKYl0c,1807
A-Daily,https://open.spotify.com/artist/689wBe4v9rvHjdNB4JUgYq,36392
A-Fati,https://open.spotify.com/artist/0GMCy1BfX72anlUA49ThsM,0
A-Feel,https://open.spotify.com/artist/29kkCKKGXheHuoO829FxWK,1364747
A-JAX,https://open.spotify.com/artist/4Q6nIcaBED8qUel8bBx6Cr,716297
A-Plus,https://open.spotify.com/artist/7o6cOczXTB8ioTAAJTbESf,242179
A-PRINCE,https://open.spotify.com/artist/1CoZyIx7UvdxT5c8UkMzHd,6689360
A-seed,https://open.spotify.com/artist/6qO6LhD6FuXK5e2PtfAIMz,524417
A.B.O.,https://open.spotify.com/artist/2ADDZ2HbeOUSVsbRslcZ3X,71645
A.C.E (boy group),,#VALUE!
A.cian,https://open.spotify.com/artist/2AXhCIqHOofbAG4ew5WRF9,31849
A.De,https://open.spotify.com/artist/2YZyLoL8N0Wb9xBt1NhZWg,14345247
A.FACT,https://open.spotify.com/artist/6M3qOVU78YQgrkZaePYhHz,48549
A.H.H.A,https://open.spotify.com/artist/2YZyLoL8N0Wb9xBt1NhZWg,14345247
A.I.N,https://open.spotify.com/artist/0F52YLV7uWqaJfMMDgG737,75678
A.KOR,https://open.spotify.com/artist/15oLsNy8mZYaIukh4eDhXy,17273
A.sia,https://open.spotify.com/artist/72gitOsVgixhFFB0zPrFLS,702
A.SOME,https://open.spotify.com/artist/1DvtabXAjfrMihPP6JQdHs,539339
AA,https://open.spotify.com/artist/4aXXDj9aZnlshx7mzj3W1N,312949
AB6IX,https://open.spotify.com/artist/4y0wFJ5jmCUNRLZfsw1I7g,218014
ABRY,https://open.spotify.com/artist/2gTGoERrv8C9b2pi3jZlnt,13417
ACE (girl group),,#VALUE!
After School,https://open.spotify.com/artist/1RKG6WXRzmTJtbLRZTPU0T,178394
Aila,https://open.spotify.com/artist/6CXEwIaXYfVJ84biCxqc9k,1561653
AiRiSU,https://open.spotify.com/artist/4xXCRXOfQKQ2gjWxNhNzYW,1628371
AL,https://open.spotify.com/artist/4MCBfE4596Uoi2O4DtmEMz,8787672
Alice White,https://open.spotify.com/artist/3EhbVgyfGd7HkpsagwL9GS,1919500
ALiKE,https://open.spotify.com/artist/7dGJo4pcD2V6oG8kP0tJRR,34124509
ALL-STAR,https://open.spotify.com/artist/2iEvnFsWxR0Syqu2JNopAd,579596
ALLS-GIRL,https://open.spotify.com/artist/4MCBfE4596Uoi2O4DtmEMz,8787672
AlphaBAT,https://open.spotify.com/artist/63yrD80RY3RNEM2YDpUpO8,6261002
AMOR,https://open.spotify.com/artist/0elWFr7TW8piilVRYJUe4P,433459
ANDS,https://open.spotify.com/artist/1VPmR4DJC1PlOtd0IADAO0,1981108
AOA,https://open.spotify.com/artist/54gWVQFHf8IIqbjxAoOarN,507293
AOA Black,https://open.spotify.com/artist/5pryfFgCrWJ41UHaENJPyi,64757
Apeace,https://open.spotify.com/artist/2rfwTWRvlhsyGYdDTqjwgI,50
API,https://open.spotify.com/artist/4N5fp4zhTsVITZTVfsXpc2,788961
Apink,https://open.spotify.com/artist/2uWcrwgWmZcQc3IPBs3tfU,649346
APL,https://open.spotify.com/artist/4MCBfE4596Uoi2O4DtmEMz,8787672
Apple.B,https://open.spotify.com/artist/7ibAWtDtmEfaVhc1FJ3Vl9,552133
APRIL,https://open.spotify.com/artist/2vnB6tuQMaQpORiRdvXF9H,149731
AQUA,https://open.spotify.com/artist/1vIOObvjDYAiXHCkLOFCOT,394
ARGON,https://open.spotify.com/artist/2bDSLK8y2edA9n2TPbzv6h,8672
ARIAZ,https://open.spotify.com/artist/0vRvGUQVUjytro0xpb26bs,315349
As One (group),https://open.spotify.com/artist/0cylxW7HGdK9xMdubw2oYW,14608
ASHA,https://open.spotify.com/artist/5FxD8fkQZ6KcsSYupDVoSO,231559
AshGray,https://open.spotify.com/artist/1VPmR4DJC1PlOtd0IADAO0,1981108
ASTIN,https://open.spotify.com/artist/4P4cATtI7ozt4k4oKho4uz,54327
ASTORY BOYS,,#VALUE!
ASTRO,https://open.spotify.com/artist/0Y5tJX1MQlPlqiwlOH1tJY,8533010
ATEEZ,https://open.spotify.com/artist/68KmkJeZGfwe1OUaivBa2L,601755
AWEEK,https://open.spotify.com/artist/7KJvmmfPCEvuwwh4R5WjvD,11
AWESOME (group),https://open.spotify.com/artist/0oEZDkrxkJURT0wuDPiLg0,Loading...
AZM,https://open.spotify.com/artist/4MCBfE4596Uoi2O4DtmEMz,8787672
B Girls,https://open.spotify.com/artist/3frVgP8vWBbUTULYK4KPBQ,434
B.A.P,https://open.spotify.com/artist/6kxCoNfY6U1eP0Yc88phvk,611310
B.HEART,https://open.spotify.com/artist/7yV83KFDjcx1QREEzqPUKk,501
B.I.G,https://open.spotify.com/artist/3NPpFNZtSTHheNBaWC82rB,2004516
B.I.T,https://open.spotify.com/artist/181bsRPaVXVlUKXrxwZfHK,Loading...
B.O.B,https://open.spotify.com/artist/1G9G7WwrXka3Z1r7aIDjI7,1311683
B1A4,https://open.spotify.com/artist/3sxWOFw4MSN54SIQ8np6iG,401995
BaBa,https://open.spotify.com/artist/67ea9eGLXYMsO2eYQRui3w,3217922
Baby Boo,https://open.spotify.com/artist/11IcDecUvnKOttYzE3d0Z1,46618
BADKIZ,https://open.spotify.com/artist/3iTyYb9VBCUlR5D8t532mN,3797
BAIKAL,https://open.spotify.com/artist/0q2WkTHTEczNf8wNq6MBRk,9335
Bambino,https://open.spotify.com/artist/0p4ViyfJUTW0IT4SCBLexf,91209
Bandage,https://open.spotify.com/artist/5UVftEhSsIg0kkXlmfhB6M,88005
Bay.B,https://open.spotify.com/artist/1wmiQ6ytATiGnJs6uFluKO,75434
BDC,https://open.spotify.com/artist/4q3ewBCX7sLwd24euuV69X,20174613
Be.A,https://open.spotify.com/artist/4O15NlyKLIASxsJ0PrXPfz,#N/A
BEATWIN,https://open.spotify.com/artist/2cyaobEho8uxhqLxwG7j6i,34804
BEBE6,https://open.spotify.com/artist/7gZfnEnfiaHzxARJ2LeXrf,4576174
Bebop,https://open.spotify.com/artist/3m1IaEwT7D9hFKOfpz5VHk,68566
BECZ,https://open.spotify.com/artist/0c173mlxpT3dSFRgMO8XPh,7218265
BELLA4,https://open.spotify.com/artist/0KPX4Ucy9dk82uj4GpKesn,1383517
Benjil Benjil,https://open.spotify.com/artist/0ndMofuAPmTktjONZv20JL,Loading...
Berry Chu,https://open.spotify.com/artist/0tko2stnUOqejIto8rKRh7,1921
Berry Good,https://open.spotify.com/artist/4PFC7IPuGWwwYQUuuvSnrw,144553
Berry Good HEART HEART,https://open.spotify.com/artist/0DP0HgcUOr4utAwfQc3flH,4513
BESTie,https://open.spotify.com/artist/7DuTB6wdzqFJGFLSH17k8e,1906540
BgA,https://open.spotify.com/artist/0YinUQ50QDB7ZxSCLyQ40k,621807
Big Brain,https://open.spotify.com/artist/25CgccXK9hJBTuaMF44zeR,16262
BIGBANG,https://open.spotify.com/artist/4Kxlr1PRlDKEB0ekOCyHgX,3697683
BIGFLO,https://open.spotify.com/artist/5mmEMfYChd6MImBagU7zCs,1171668
BIGSTAR,https://open.spotify.com/artist/6T8Ols663KRRS4UdzGPbFf,3795
Black Bunny,https://open.spotify.com/artist/389zc5Rwe0MPcE6mSF4AjC,146761
BLACK6IX,https://open.spotify.com/artist/5W5dowztOO3kw9A5zpyjOO,62594
BLACKMAMBA,https://open.spotify.com/artist/1mhpZvUC5GvrA8VLO5xOfm,360
BLACKPINK,https://open.spotify.com/artist/41MozSoPIsD1dJM0CLPjZF,11272637
Blady,https://open.spotify.com/artist/0Qr26enALo3CGKzsj5gxFg,16879
Blah Blah (group),https://open.spotify.com/artist/7fPxGUSLWJ1xt34we7woxd,24
BLANC7,https://open.spotify.com/artist/1vyhD5VmyZ7KMfW5gqLgo5,18783324
BLAST,https://open.spotify.com/artist/5v2WhpA59TJSdPh7LCx1lN,371816
Bling,https://open.spotify.com/artist/13y7CgLHjMVRMDqxdx0Xdo,Loading...
BLK,https://open.spotify.com/artist/1ybINI1qPiFbwDXamRtwxD,340796
Block B,https://open.spotify.com/artist/7scapvSjZLSm0fBgqGM0Mn,86294
Block Chain,https://open.spotify.com/artist/6bMdU0sD5hyWNZru7AZguR,26
Bloomy,https://open.spotify.com/artist/79hrYiudVcFyyxyJW0ipTy,388227
Blue Fox,https://open.spotify.com/artist/4EVpmkEwrLYEg6jIsiPMIb,953960
Bob Girls,https://open.spotify.com/artist/1rAv1GhTQ2rmG94p9lU3rB,318044
BONUSbaby,https://open.spotify.com/artist/4ba2GLtsgJ8ix2089MG0j0,2031
BOYFRIEND (group),https://open.spotify.com/artist/7mFM7ogiSHtvymfm41OaZG,27
Boys Republic,https://open.spotify.com/artist/0iLbcXKdKfMdqllxqSUhPn,Loading...
BOYS24 (group),,#VALUE!
BP POP,https://open.spotify.com/artist/0gcMPgunYh4rX1UOdvZKBn,13027
Brand New Day,https://open.spotify.com/artist/3UBvyQF5Hipou6Pm7wncxr,15707
Brave Girls,https://open.spotify.com/artist/5F47QnV4fjYwl0u5GaSDEx,78285
Brown Eyed Girls,https://open.spotify.com/artist/44NX2ffIYHr6D4n7RaZF7A,1541761
BTL,https://open.spotify.com/artist/1Xyo4u8uXC1ZmMpatF05PJ,19753363
BTOB,https://open.spotify.com/artist/2hcsKca6hCfFMwwdbFvenJ,914782
BTS,https://open.spotify.com/artist/3Nrfpe0tUJi4K4DXYWgMUX,17589525
BUILD UP,https://open.spotify.com/artist/6jdR01HNfxEjfwZ4zTzu44,103
BULLDOK,https://open.spotify.com/artist/1csBgT42N4pPPs1HJhxXIK,153928
Busters,https://open.spotify.com/artist/0lFDQOEK5OwsyPXb1aWJzY,19844
Buzz,https://open.spotify.com/artist/163tK9Wjr9P9DmM0AVK7lm,5612078
BVNDIT,https://open.spotify.com/artist/4MCBfE4596Uoi2O4DtmEMz,8787672
BXK,https://open.spotify.com/artist/2h93pZq0e7k5yf4dywlkpM,5477999
Byeolmuri,,#VALUE!
Bz Boys,https://open.spotify.com/artist/73FA33YtQWdPuswF6u7u4D,2292
C-CLOWN,https://open.spotify.com/artist/5HBeCjZkFtwfLYD7X3kLwi,63409
C.I.V.A,https://open.spotify.com/artist/34EP7KEpOjXcM2TCat1ISk,3655129
CAMILA,https://open.spotify.com/artist/4nDoRrQiYLoBzwC5BhVJzF,15657396
Carcaro Girl,,#VALUE!
Celeb Five,https://open.spotify.com/artist/6uxtW6aFdPmCXF6GWbVaOU,2336
Champs,https://open.spotify.com/artist/1mbgj8ERPs8lWi7t5cYrdy,943547
CHECKMATE,https://open.spotify.com/artist/4Uc8Dsxct0oMqx0P6i60ea,943117
Cherish,https://open.spotify.com/artist/4iw6QArXcxuKkS1v2mo47u,57
Cherry Bullet,https://open.spotify.com/artist/3IJCdgkBZbieocLZ4e94GZ,81871
CHERRY ON TOP,https://open.spotify.com/artist/60cVbnHVILVFAO7tl3crPV,9417
CHI CHI,https://open.spotify.com/artist/2iojnBLj0qIMiKPvVhLnsH,4932507
Chic Angel,https://open.spotify.com/artist/0LklyUMMUhpIjMgYHlV0hN,126191
ChoColat,https://open.spotify.com/artist/3mIj9lX2MWuHmhNCA7LSCW,3914533
CICI,https://open.spotify.com/artist/3cvKNz7BwIY404XtZ5tpUW,125489
Cignature,https://open.spotify.com/artist/5x9WawpXGR82PWDFk9CKYQ,12661
CIX,https://open.spotify.com/artist/246dkjvS1zLTtiykXe5h60,23933122
Classmate,https://open.spotify.com/artist/0NT8fqhPoKJrd038u1Qumz,5165
CLC,https://open.spotify.com/artist/6QyO41KctzGc70mVaVnXQO,563152
CLIMIX BOYGROUP,,#VALUE!
CNBLUE,https://open.spotify.com/artist/6dCz3spfpIvqqqsIoP6wXi,464334
Category:Co-ed groups,,#VALUE!
CoCo (group),https://open.spotify.com/artist/55mFyyu5PZMQyAIWSn76uu,490
CODE-V,https://open.spotify.com/artist/5Yk09n2L8j0DIevsAfinE0,473
Coed School,https://open.spotify.com/artist/6ZsTqFoNYY6cyRcKnvOu3A,1831
CRAVITY,https://open.spotify.com/artist/5YxebzzreNswbtYC1td4cx,333391
CRAXY,https://open.spotify.com/artist/6ZLTlhejhndI4Rh53vYhrY,2793873
Crayon Pop,https://open.spotify.com/artist/0ODX6aegsZkBmBeMA5qqwi,92568
CROSS GENE,https://open.spotify.com/artist/5xKVZmAj8EnT9X9Acz1Qvv,123566
CSVC,https://open.spotify.com/artist/3giVZjriL2C3Gn798Eciez,520
Cube Tree,https://open.spotify.com/artist/4X0yg3kP4yvppbWjJCGnje,225
D-CRUNCH,https://open.spotify.com/artist/08Ld63UgKrJ0nZnCkzHtzc,370861
D.A.N,https://open.spotify.com/artist/1gR0gsQYfi6joyO1dlp76N,873566
D.COY,https://open.spotify.com/artist/3K9r1j7v9wKT9zJ2Xo9Dgk,532
D.el,https://open.spotify.com/artist/06HL4z0CvFAxyc27GXpf02,28114008
D.Holic,https://open.spotify.com/artist/1V7MmQ36ihG1f3qe46L50n,15417
D.T.E,https://open.spotify.com/artist/31W5EY0aAly4Qieq6OFu6I,4327982
D1CE,https://open.spotify.com/artist/6mcrZQmgzFGRWf7C0SObou,345334
Dalshabet,https://open.spotify.com/artist/10xsuRNvidaOLxWd3fRIel,Loading...
DAY6,https://open.spotify.com/artist/5TnQc2N1iKlFjYD7CPGvFc,1186908
DAYDAY,https://open.spotify.com/artist/1K338Q86etOri7BwHPWZeX,119
DayDream (2016 group),,#VALUE!
Daydream (2019 group),,#VALUE!
Delight (group),https://open.spotify.com/artist/0cylxW7HGdK9xMdubw2oYW,14608
DELUXE,https://open.spotify.com/artist/1ZJbPwe4zKnUDRT7yi9dBC,266
DESTINY,https://open.spotify.com/artist/6fOMl44jA4Sp5b9PpYCkzz,3317538
DGNA,https://open.spotify.com/artist/2YZyLoL8N0Wb9xBt1NhZWg,14345247
DIA (group),https://open.spotify.com/artist/5QIt8ef7xvYB9t98uix1zZ,5
DICE,https://open.spotify.com/artist/7Gi6gjaWy3DxyilpF1a8Is,114297
DKB,https://open.spotify.com/artist/4DoedGw38ubJdAT1edFsIx,12674
DONGKIZ,https://open.spotify.com/artist/31eyTcfjAke5hFX3az3nRE,4404
Dorothy,https://open.spotify.com/artist/45yEuthJ9yq1rNXAOpBnqM,281167
Double Eight,https://open.spotify.com/artist/6HCBnyTBSLdb3TFn2ayulY,127013
DPOP Friends,,#VALUE!
Dreamcatcher,https://open.spotify.com/artist/0iEtIxbK0KxaSlF7G42ZOp,1785832
DreamNote,https://open.spotify.com/artist/3ILvL0HM0cST4iR8RzQh2V,19906
Drunken Tiger,https://open.spotify.com/artist/1kcYSWblYWOOMVOPNgbMYI,24285
DSP N,https://open.spotify.com/artist/1GDbiv3spRmZ1XdM1jQbT7,4151296
Dustin,https://open.spotify.com/artist/1dID9zgn0OV0Y8ud7Mh2tS,1301283
EBOYZ,https://open.spotify.com/artist/0NBzeOEUgiFcjOfEIgjeMV,429
Ela8te,https://open.spotify.com/artist/55icKM7WkjXWnyfvCTlqbk,3803
Elado,https://open.spotify.com/artist/7yCGrS6Xh3UngvY6Ad5sMJ,#N/A
ELRIS,https://open.spotify.com/artist/1mgzY8CsK8lyJy96tT8bV5,110648
ELVIN CREW,https://open.spotify.com/artist/1c22GXH30ijlOfXhfLz9Df,Loading...
ENOi,https://open.spotify.com/artist/6c0lj01vVpHsCH7Z5CfJ9K,36218
Entertainment CUP girl group,,#VALUE!
Epik High,https://open.spotify.com/artist/5snNHNlYT2UrtZo5HCJkiw,346333
Episode,https://open.spotify.com/artist/3yO7osdYZcoKHt0kTZT486,1112
EVERGLOW,https://open.spotify.com/artist/4gzpq5DPGxSnKTe4SA8HAU,25223381
EvoL,https://open.spotify.com/artist/4k0n9qZSgE1HVExw9b2T9j,2230
EXID,https://open.spotify.com/artist/1xs6WFotNQSXweo0GXrS0O,999340
EXO,https://open.spotify.com/artist/0ErzCpIMyLcjPiwT4elrtZ,1194101
EXP EDITION,https://open.spotify.com/artist/1KW7HtHJz11rhGJ6WtgqXR,Loading...
F(x),https://open.spotify.com/artist/15UsOTVnJzReFVN1VCnxy4,18813026
F-ve Dolls,https://open.spotify.com/artist/1nw5g6u9BIPwyqlsm01cDP,4178
F.CUZ,https://open.spotify.com/artist/6UrHKmUKaKUnF7WiScbG6G,17032
FABLE,https://open.spotify.com/artist/0xpJGyjbEzkWSNfcf2tcMl,105732
FALLANC,https://open.spotify.com/artist/7uaIm6Pw7xplS8Dy06V6pT,255832
FANATICS,https://open.spotify.com/artist/7tTsvTUJ7lXBezazP5jU72,47437
Fantastie,https://open.spotify.com/artist/74lTWE4DqbFU3Vn8z4uH72,165461
Fanxy Red,https://open.spotify.com/artist/5InatjdbYc8y9748ckvN0i,3980
FAVORITE (group),https://open.spotify.com/artist/3ds0hlCcgdDJzoG9NgCxbF,3952
Category:Female groups,,#VALUE!
FIESTAR,https://open.spotify.com/artist/5r1tUTxVSgvBHnoDuDODPH,438722
Fin.K.L,https://open.spotify.com/artist/2aRLyjYp7WPr4EkjkI1gvS,6161
FIONA,https://open.spotify.com/artist/0x0u0jCVf5Jf4DNh45XPXL,41764
First Love (group),https://open.spotify.com/artist/3q5NZb5Rb3a7JL7BBWxB6x,120
FLASHE,https://open.spotify.com/artist/1hzfo8twXdOegF3xireCYs,1285752
Flor us,https://open.spotify.com/artist/21mKp7DqtSNHhCAU2ugvUw,1104856
Flossom,https://open.spotify.com/artist/64eN6CLbuG7qsLCh0jjAyg,3
Forestella,https://open.spotify.com/artist/4Phfy4o60wGqoPQFl5oCP8,979
Fromis 9,https://open.spotify.com/artist/24nUVBIlCGi4twz4nYxJum,267430
FTISLAND,https://open.spotify.com/artist/6KhH771vq2X2Aom91nNzpZ,298050
G-(i)Kon,https://open.spotify.com/artist/5wTAi7QkpP6kp8a54lmTOq,541875
G-reyish,https://open.spotify.com/artist/6CNfjsyz9f7M68UH4HryH3,1899
Gangkiz,https://open.spotify.com/artist/7LTShHcq1KdTrWeLvWoYed,109184
Gavy NJ,https://open.spotify.com/artist/1V4PXyYNg1jhtBuyEdtCwt,380
GBB,https://open.spotify.com/artist/7LuneXFPBVkN0BCthLQ7Bs,110
GeeGu,https://open.spotify.com/artist/5W7N6u4EjCEMKj7bDyzPEC,23724
Gen-Z,https://open.spotify.com/artist/5NgAdRVBzrOLKRQ8RRvBx4,492
GFRIEND,https://open.spotify.com/artist/0qlWcS66ohOIi0M8JZwPft,778320
GI,https://open.spotify.com/artist/57LYzLEk2LcFghVwuWbcuS,1046780
GIDONGDAE,,#VALUE!
GIRL CRUSH,https://open.spotify.com/artist/3CygdxquGHurS7f9LjNLkv,1728414
Girl's Day,https://open.spotify.com/artist/13kJgvU22LHMsJtGWLmx7W,429486
Girl2School,https://open.spotify.com/artist/4FffNBBwp4PayIiCBeJFPQ,67302
GIRLKIND,https://open.spotify.com/artist/2TqCaaZ0Yh9MtRVYnoZg8K,44042
GIRLS GIRLS,https://open.spotify.com/artist/0cc6vw3VN8YlIcvr1v7tBL,2478126
Girls Next Door,https://open.spotify.com/artist/4uBSazM6snEc9wCG3jMlYt,117334
Girls' Generation,https://open.spotify.com/artist/0Sadg1vgvaPqGTOjxu0N6c,1501412
Girls2000,https://open.spotify.com/artist/2ycnb8Er79LoH2AsR5ldjh,950912
GLAM,https://open.spotify.com/artist/3r17AfJCCUqC9Lf0OAc73G,3654327
GLOSS,https://open.spotify.com/artist/1VPmR4DJC1PlOtd0IADAO0,1981108
Golden Child,https://open.spotify.com/artist/3y2cIKLjiOlp1Np37WiUdH,9421
GOOD DAY (group),https://open.spotify.com/artist/0oEZDkrxkJURT0wuDPiLg0,Loading...
GOT7,https://open.spotify.com/artist/6nfDaffa50mKtEOwR8g4df,3345482
GP Basic,https://open.spotify.com/artist/6ZIq3nMhCA0fuOyhki8FVO,449
GreatGuys,https://open.spotify.com/artist/5rl5eIP9MogVsjbIVUKK1y,8510
GROW.B,https://open.spotify.com/artist/73rPcaYEhBd0UuVZBqqyQJ,26886
GsA,https://open.spotify.com/artist/5CiGnKThu5ctn9pBxv7DGa,514162
Gugudan,https://open.spotify.com/artist/0h7XZWgoxlY49uSUj7MVRY,330515
GWSN,https://open.spotify.com/artist/5fI4xffqGRGQvICSlJreMF,54433
H.O.T,https://open.spotify.com/artist/3b8QkneNDz4JHKKKlLgYZg,3639695
H.U.B,https://open.spotify.com/artist/1iIQG7GhIaGIAmq5elmS1h,15214
H2L,https://open.spotify.com/artist/6M2wZ9GZgrQXHCFfjv46we,16090986
HALO,https://open.spotify.com/artist/6vWDO969PvNqNYHIOW5v0m,22441130
Hashtag,https://open.spotify.com/artist/6RTlv2UCWtRggV0rIo5TrN,86823
HBY,https://open.spotify.com/artist/1g1yxsNVPhMUl9GrMjEb2o,804425
Heart (group),https://open.spotify.com/artist/3kVUvbeRdcrqQ3oHk5hPdx,852041
HeartB,https://open.spotify.com/artist/1Hsdzj7Dlq2I7tHP7501T4,4957623
HELLOVENUS,https://open.spotify.com/artist/3TW9U1f93tpGBsEtCSf7JG,134221
Herycle,https://open.spotify.com/artist/10Zy7pPIFESaB4olenUcfD,12374
HEXE (group),,#VALUE!
HeyGirls,https://open.spotify.com/artist/2jXvTZk5WPVN6JdQWCTDTT,2043
HeyMiss,https://open.spotify.com/artist/0ckkj0a9CvIJr4h84B0OlN,22357
HI CUTIE,https://open.spotify.com/artist/0YrtvWJMgSdVrk3SfNjTbx,1139215
Hi.D,https://open.spotify.com/artist/4MCBfE4596Uoi2O4DtmEMz,8787672
Hidden,https://open.spotify.com/artist/7lqaPghwYv2mE9baz5XQmL,75583
HIGH4,https://open.spotify.com/artist/757aE44tKEUQEqRuT6GnEB,2132431
Highlight (group),https://open.spotify.com/artist/4KehNz4qf1yNI7ODUnuWEI,61
HighSchool,https://open.spotify.com/artist/2DG7111q9yXgzpod3iBifm,7038
HIGHTEEN,https://open.spotify.com/artist/0pCNk4D3E2xtszsm6hMsWr,Loading...
HINAPIA,https://open.spotify.com/artist/6bWaRj4L4PyJ4uv2wN47Ny,27444
HINT,https://open.spotify.com/artist/1KYszkVzlhV3rAqmAcYIgd,1178280
HISTORY,https://open.spotify.com/artist/4AK6F7OLvEQ5QYCBNiQWHq,15446849
HitGirls,,#VALUE!
HOLICS,https://open.spotify.com/artist/4yvcSjfu4PC0CYQyLy4wSq,1096443
Honey Girls,https://open.spotify.com/artist/6eO95BjZhrWHREMfwC4vVN,91946
Honey Popcorn,https://open.spotify.com/artist/1oiPRh43n4MqwL9g9U8IdH,8086
HONEYST,https://open.spotify.com/artist/1W7FNibLa0O0b572tB2w7t,255152
HOTSHOT,https://open.spotify.com/artist/7BU5Fy1Ud5Uohgl7yH1b8y,13377
HOTTIES,https://open.spotify.com/artist/1Bl6wpkWCQ4KVgnASpvzzA,1334898
Hwang Project,https://open.spotify.com/artist/60YNqzrSj7rJkuqHkpHPqG,33791
I-Ren,https://open.spotify.com/artist/5VJN4jB6PqqEg4kJiAj6Eu,13682
I-REX,https://open.spotify.com/artist/7pbDxGE6nQSZVfiFdq9lOL,1938020
I.B.I,https://open.spotify.com/artist/3AKnUD6LKcw0phLWRkHdZs,597
I.C.E,https://open.spotify.com/artist/6qhRjFCybkbk33sGVDm1cD,49
I.O.I,https://open.spotify.com/artist/6RKnXXyprPjhBdCvL802Ku,819148
I.ONE,https://open.spotify.com/artist/0OR5S6miBNzMyJG2JqUI9g,6821
Icia,https://open.spotify.com/artist/6Amqc7UjJa19q4jrfAHA77,5673
ICU,https://open.spotify.com/artist/7ADRQDokDkCaa1f8irso1m,1028
IKON,https://open.spotify.com/artist/5qRSs6mvI17zrkJpOHkCoM,2409884
ILUV,https://open.spotify.com/artist/6nwEYQKFXGAKvwnUqZUd52,3240
IM (group),https://open.spotify.com/artist/31uyAcnY0kjjKKIQZMKX4i,96493
IMFACT,https://open.spotify.com/artist/3ejYNz33SNAa1Qxo9g0qCG,113545
IN2IT,https://open.spotify.com/artist/43GYq8c6nVEgaEyg0qtzJd,102182
INFINITE,https://open.spotify.com/artist/1Tsag5J854qxeOo2apszug,431226
INX,https://open.spotify.com/artist/1eClJfHLoDI4rZe5HxzBFv,1339379
ISE,https://open.spotify.com/artist/2ZRQcIgzPCVaT9XKhXZIzh,471815
ITZY,https://open.spotify.com/artist/2KC9Qb60EaY0kW4eH68vr3,558671
IZ,https://open.spotify.com/artist/3nFkdlSjzX9mRTtwJOzDYB,5258807
IZ*ONE,https://open.spotify.com/artist/5r1tUTxVSgvBHnoDuDODPH,438722
JACE,https://open.spotify.com/artist/1iNqsUDUraNWrj00bqssQG,236370
Jacoby Planet,https://open.spotify.com/artist/1l1VfoWjli9N3MJH2tAWCA,2368
JBJ,https://open.spotify.com/artist/6VJXRJvRRyLv99RZbXJ8RO,356341
Jewelry,https://open.spotify.com/artist/2YCz7aHoRoAZ435UDLOKOs,Loading...
Jjarimongttang,https://open.spotify.com/artist/0xRmVJ0fsk1hybrSlstszo,19
JJCC,https://open.spotify.com/artist/3rC2q45kAmfLOAvrExJIXn,55961
JYJ,https://open.spotify.com/artist/3MZsBdqDrRTJihTHQrO6Dq,2404722
K-TIGERS ZERO,https://open.spotify.com/artist/1NpLEW6cMc7Df7LshIIhFa,1632
KARA,https://open.spotify.com/artist/2gyv1akuIB9fQvXoGSPaJr,60490
KARD,https://open.spotify.com/artist/2JhAlkmukNvarUpGhTFXUQ,994849
Kassia,https://open.spotify.com/artist/68O83ss9GHwRVDaJhpCQHF,2506
Kingdom (2018 group),,#VALUE!
KINGDOM (2019 group),,#VALUE!
Kirots,https://open.spotify.com/artist/7kG4VlbI82btFfrPAPekVR,0
Kiss&Cry,https://open.spotify.com/artist/7lbSsjYACZHn1MSDXPxNF2,1423918
Kitten Girls,https://open.spotify.com/artist/6JMHws5haIO6V35YNYDnDw,233443
KNK,https://open.spotify.com/artist/6LuN9FCkKOj5PcnpouEgny,11041686
KOKOON,https://open.spotify.com/artist/6HX4Jrnb0WhEv9goeGoh6p,68800
La TTE,https://open.spotify.com/artist/2BDEX7NzONc6kAxVXu9lBa,2337
LABELUP,https://open.spotify.com/artist/3Ulmu6WcEY2TG6jdntwF0N,13
LABOUM,https://open.spotify.com/artist/4iO5uKMUphLqQ20TfrdZx3,56360
LADIES' CODE,https://open.spotify.com/artist/4epPY1AW9lQeVUM1XaFiwi,60576
Lady (group),https://open.spotify.com/artist/1W8TbFzNS15VwsempfY12H,287177
Lalary (group),,#VALUE!
LAY.T,https://open.spotify.com/artist/6i392l38cR3uBPF0DbNs7S,556571
LAYSHA,https://open.spotify.com/artist/5IMqlLTF7xWq8dUkvSaHLA,17057
LC9,https://open.spotify.com/artist/066X20Nz7iquqkkCW6Jxy6,709103
Leader'S,https://open.spotify.com/artist/4O15NlyKLIASxsJ0PrXPfz,#N/A
Like A Movie,https://open.spotify.com/artist/2feDdbD5araYcm6JhFHHw7,1081978
Limesoda,https://open.spotify.com/artist/3VZFE0VtlgyCog2X9Cwd2C,4234
LIMITLESS (group),https://open.spotify.com/artist/6zxJ5nKE6mA8rHQboTQ1vZ,19
LIPBUBBLE,https://open.spotify.com/artist/4FeN6UrBahe6JTi3Xz3kmE,1439
LIVE HIGH,https://open.spotify.com/artist/4phGZZrJZRo4ElhRtViYdl,5181490
LOONA,https://open.spotify.com/artist/52zMTJCKluDlFwMQWmccY7,631463
Lovelyz,https://open.spotify.com/artist/6qqNVTkY8uBg9cP3Jd7DAH,23596716
LoveUs,https://open.spotify.com/artist/0f2YkMXwFNJNSX7MymevKE,51474
LPG,https://open.spotify.com/artist/4MCBfE4596Uoi2O4DtmEMz,8787672
LST,https://open.spotify.com/artist/7d3WFRME3vBY2cgoP38RDo,3894392
LU:KUS,https://open.spotify.com/artist/25u4wHJWxCA9vO0CzxAbK7,1646278
LUCENTE,https://open.spotify.com/artist/0KPX4Ucy9dk82uj4GpKesn,1383517
Lucky J,https://open.spotify.com/artist/7dGJo4pcD2V6oG8kP0tJRR,34124509
Luluz,https://open.spotify.com/artist/0AihIk0bY9VNuuvSQ2qTCl,2460
LUMINOUS,https://open.spotify.com/artist/7yxi31szvlbwvKq9dYOmFI,323966
LUNAFLY,https://open.spotify.com/artist/1qJxTCQsqd1TUMKefuzeM7,20061
Lusty,https://open.spotify.com/artist/7d3WFRME3vBY2cgoP38RDo,3894392
M.I.L.K,https://open.spotify.com/artist/2ekValwbXG7P55xYXwWOZx,7191
M.O.N.T,https://open.spotify.com/artist/205HvlOEb4EZFrBHXv8kLZ,17380
MADTOWN,https://open.spotify.com/artist/1sSdeMLtQYafYh0RxMtVQd,111259
Category:Male groups,,#VALUE!
MAMAMOO,https://open.spotify.com/artist/0XATRDCYuuGhk0oE7C0o5G,1688011
MAP6,https://open.spotify.com/artist/04gDigrS5kc9YWfZHwBETP,23463006
MARMELLO,https://open.spotify.com/artist/1ZJbPwe4zKnUDRT7yi9dBC,266
MASC,https://open.spotify.com/artist/5wrJuArO5sOmhl2QJ1Z0sk,870
MATILDA,https://open.spotify.com/artist/3XHO7cRUPCLOr6jwp8vsx5,2498031
MAXIMUM,https://open.spotify.com/artist/3hV9itNJi8Nxl0hC5hZAdj,260
Maywish,https://open.spotify.com/artist/4FHR64q8jrf3l0h1OTmuFv,567
MBLAQ,https://open.spotify.com/artist/14f1WN9TUDVBK4sHUStmLG,173701
MCND,https://open.spotify.com/artist/59dDRtMe8DILtibke8FWLK,45598
Melody Day,https://open.spotify.com/artist/4aEnNH9PuU1HF3TsZTru54,455912
Melody Pink,https://open.spotify.com/artist/7FVdkItXumBiCzJI0TIMqT,193
Mercury,https://open.spotify.com/artist/3uL4UpqShC4p2x1dJutoRW,1009773
MIDNIGHT (group),https://open.spotify.com/artist/2NFrAuh8RQdQoS7iYFbckw,165869
Milkyway,https://open.spotify.com/artist/0vg08N1z9G9LrGLkG1nNDS,12800
MINX,https://open.spotify.com/artist/4GvEc3ANtPPjt1ZJllr5Zl,3048245
Miss A,https://open.spotify.com/artist/06HL4z0CvFAxyc27GXpf02,28114008
MIXX,https://open.spotify.com/artist/1cNDP5yjU5vjeR8qMf4grg,3218360
MOMOLAND,https://open.spotify.com/artist/5RR0MLwcjc87wjSw2JYdwx,1649470
MONSTA X,https://open.spotify.com/artist/77AiFEVeAVj2ORpC85QVJs,3379842
Moonlight Girls,https://open.spotify.com/artist/0ryF1Gy87xVCOF0Jb666ak,93645
MOUNTAIN,https://open.spotify.com/artist/6rJqqRce0Kvo2dJUXoHleC,646919
MustB,https://open.spotify.com/artist/5v2WhpA59TJSdPh7LCx1lN,371816
MVP,https://open.spotify.com/artist/30fiiwr2EeZp1tAhzYCmyM,436810
My Darling,https://open.spotify.com/artist/7dGJo4pcD2V6oG8kP0tJRR,34124509
MY.st,https://open.spotify.com/artist/6qqNVTkY8uBg9cP3Jd7DAH,23596716
MyB,https://open.spotify.com/artist/6qqNVTkY8uBg9cP3Jd7DAH,23596716
MYNAME,https://open.spotify.com/artist/7dGJo4pcD2V6oG8kP0tJRR,34124509
MYTEEN,https://open.spotify.com/artist/0Jy5VMwm7X25fOaYh0PyXK,128202
N*White,https://open.spotify.com/artist/4W12lEvVl5wectUtRNrvDh,15270
N.Flying,https://open.spotify.com/artist/2ZmXexIJAD7PgABrj0qQRb,280830
N.tic,https://open.spotify.com/artist/5zctI4wO9XSKS8XwcnqEHk,1789802
NATURE,https://open.spotify.com/artist/0UWgEdhywZEON8EtIBYGoL,1356
Nazca (group),https://open.spotify.com/artist/6rkcwqYBmnC0cqjGERkklu,811
NCT,https://open.spotify.com/artist/7f4ignuCJhLXfZ9giKT7rH,2279276
NeonBlack,https://open.spotify.com/artist/0PQ308HEzf5V6v7XHwXDVJ,7955
NeonPunch,https://open.spotify.com/artist/1j2VjoyNduKvjsQqiQ6Z5d,16364
Nep,https://open.spotify.com/artist/21dooacK2WGBB5amYvKyfM,1895017
New-A,https://open.spotify.com/artist/1Hsdzj7Dlq2I7tHP7501T4,4957623
New.F.O,https://open.spotify.com/artist/4ghjRm4M2vChDfTUycx0Ce,560784
NewBlood,https://open.spotify.com/artist/77AiFEVeAVj2ORpC85QVJs,3379842
Newkidd,https://open.spotify.com/artist/1ASod2UqIYzO1NGvj1zTgW,20263
NOIR (group),https://open.spotify.com/artist/5WWUkLXiAbmGwtELcfvB2w,14820
NTB,https://open.spotify.com/artist/1UTPBmNbXNTittyMJrNkvw,4892864
NTX,https://open.spotify.com/artist/4r63FhuTkUYltbVAg5TQnk,2573865
NU'EST,https://open.spotify.com/artist/1U1el3k54VvEUzo3ybLPlM,5032499
O My Jewel,https://open.spotify.com/artist/4RnBFZRiMLRyZy0AzzTg2C,645592
O-24,https://open.spotify.com/artist/6fWVd57NKTalqvmjRd2t8Z,149056
O21,https://open.spotify.com/artist/5zkf2Na8DKKJmtWX5Xrx3m,479058
OAHSIS,https://open.spotify.com/artist/2DaxqgrOhkeH0fpeiQq2f4,5049507
OFF THE CUFF,https://open.spotify.com/artist/6quCxsPM8fOxowmqOx5j93,6415
OH MY GIRL,https://open.spotify.com/artist/2019zR22qK2RBvCqtudBaI,429961
Oh!Bliss,https://open.spotify.com/artist/0VOR7Ie9xUSb45fzIIVJQ1,125910
One O One,https://open.spotify.com/artist/1naotzhIe0zewIcuOnX6GE,4
ONEUS,https://open.spotify.com/artist/3CVYSpM7nfHFG5qCTW7Ht9,246313
ONEWE,https://open.spotify.com/artist/4D9foUQxTrsS0w2BeyCD16,53528
ONF,https://open.spotify.com/artist/3Nrfpe0tUJi4K4DXYWgMUX,17589525
OnlyOneOf,https://open.spotify.com/artist/0iQGSzpJ0G0lsugv8jsJHd,27378
P.O.P,https://open.spotify.com/artist/3H6CaRooDAoCeRCpYwOXj2,73357
Pandora (group),https://open.spotify.com/artist/79rcaFPuaOqmmfkRlRqaNF,579
PARADISE,https://open.spotify.com/artist/4GvEc3ANtPPjt1ZJllr5Zl,3048245
PEACE,https://open.spotify.com/artist/29kkCKKGXheHuoO829FxWK,1364747
PENTAGON,https://open.spotify.com/artist/1wKpMkucynaTfG8lyPprYV,755626
PIERCE,https://open.spotify.com/artist/4iJLPqClelZOBCBifm8Fzv,1465431
Piggy Dolls,https://open.spotify.com/artist/1QfAfE6lYRXfJp6hIOCwAF,34
PinkFantasy,https://open.spotify.com/artist/5syu5kN4a5f4rgMCRGlnZp,14203
PIT A PAT,https://open.spotify.com/artist/2PSJ6YriU7JsFucxACpU7Y,795490
PLATINUM78,https://open.spotify.com/artist/0NcPKaSNIHAM2RfioH9vMT,32001
Play the Siren,https://open.spotify.com/artist/4dM6NDYSfLcspt8GLoT5aE,469808
Playback,https://open.spotify.com/artist/5Ayl2bJtN5mdCsxZoxs9n1,276473
PlayM BOYS,https://open.spotify.com/artist/0s8qjO7TpmquR2AvmtjTzw,Loading...
PlayM GIRLS,https://open.spotify.com/artist/2aRd7rRSUjtZ6WPG5GsBO6,4066
PLT,https://open.spotify.com/artist/5QdEbQJ3ylBnc3gsIASAT5,Loading...
Pocket Girls,https://open.spotify.com/artist/1e16kiJQtCTveTl7TQnkFN,113858
PPL,https://open.spotify.com/artist/0plNgbIlOc13T8ot3vyK79,Loading...
Category:Pre-debut groups,,#VALUE!
PRISM (group),https://open.spotify.com/artist/3hxI4OADfI8S2PoejIYARE,17
PRISTIN,https://open.spotify.com/artist/4QkSD9TRUnMtI8Fq1jXJJe,163191
Category:Project groups,,#VALUE!
Pungdeng-E,https://open.spotify.com/artist/3D4WFT29xe0sfSkXNvpmRG,20838
PUREBOY,https://open.spotify.com/artist/5kwzKBz5Dli9IVc77748IB,5474
Purfles,https://open.spotify.com/artist/7epYP6gVqTvHaKG7iSMAzr,7443
Purplay,https://open.spotify.com/artist/7c0XG5cIJTrrAgEC3ULPiq,3247133
PURPLE (group),https://open.spotify.com/artist/0AD4odMWVQ2wUSlgxOB5Rl,407053
PURPLEBECK,https://open.spotify.com/artist/4Qmka95TrMVuv4UvYyj5iE,7749
Q6IX,https://open.spotify.com/artist/0L8ExT028jH3ddEcZwqJJ5,13043124
Queen B'Z,https://open.spotify.com/artist/4YLt9xt9ONNkmU0FyATjU5,205
Queendom (group),,#VALUE!
Rainbow (group),https://open.spotify.com/artist/0cylxW7HGdK9xMdubw2oYW,14608
RAINZ,https://open.spotify.com/artist/70kkdajctXSbqSMJbQO424,730025
Ramisu,https://open.spotify.com/artist/1KCSPY1glIKqW2TotWuXOR,8293062
RaNia,https://open.spotify.com/artist/7wlFDEWiM5OoIAt8RSli8b,4425819
Real Girls Project,https://open.spotify.com/artist/2fJDqfmb22sNqM3IBstM0K,6587
Red Mint,https://open.spotify.com/artist/2c34ZzVmfwzsNHc05x3uzR,29138
Red Square,https://open.spotify.com/artist/39F8nPQzet4WDZPnrdpigv,Loading...
Red Velvet,https://open.spotify.com/artist/1z4g3DjTBBZKhvAroFlhOM,3188333
Refiners,https://open.spotify.com/artist/0pWpQhmg5KRsyo2Y6QRtc7,25121
Rendezvous (group),https://open.spotify.com/artist/1QeC5GwDENQv78O3PCLeZB,2056
Rion Five,https://open.spotify.com/artist/1x5zKG8Bhm8RW3LuKUMcRF,48
Road Boyz,https://open.spotify.com/artist/6O74knDqdv3XaWtkII7Xjp,1727068
Rocket Punch,https://open.spotify.com/artist/4hozqATxbpy9TwKWRT8QVO,42047
ROMEO (group),https://open.spotify.com/artist/0cylxW7HGdK9xMdubw2oYW,14608
ROOKIE PLANET,https://open.spotify.com/artist/4UNGDeTX0XnwcWu2heHmdL,28
Root Sixteen,https://open.spotify.com/artist/0Ism1B2cF9NxpXAwdUCkxK,69484
Rose Finger,https://open.spotify.com/artist/4Qfv2sYwJcGqdqF7UaMZgQ,6750
S.E.S.,https://open.spotify.com/artist/61HUG80Xma4rnXsqfZkzeM,22911
S.E.T,https://open.spotify.com/artist/6deZN1bslXzeGvOLaLMOIF,4257490
S.I.S,https://open.spotify.com/artist/7gOdHgIoIKoe4i9Tta6qdD,3874899
S.O.U.L,https://open.spotify.com/artist/1020a42xVklY6c56imNcaa,171237
S2,https://open.spotify.com/artist/2aaLAng2L2aWD2FClzwiep,1005535
S2U,https://open.spotify.com/artist/4ETSs924pXMzjIeD6E9b4u,321169
SATURDAY,https://open.spotify.com/artist/6LuN9FCkKOj5PcnpouEgny,11041686
Scarlet,https://open.spotify.com/artist/6QrTfzchTKSeDGSBqLbk1o,381
SECHSKIES,https://open.spotify.com/artist/6uRyNreOHUvWPNGnKfIo27,81875
Secret (group),https://open.spotify.com/artist/4uBSazM6snEc9wCG3jMlYt,117334
Seo Taiji and Boys,https://open.spotify.com/artist/52Gsa9Zypqztm2DeNkQfCm,8101
Seven O'clock,https://open.spotify.com/artist/1w5Kfo2jwwIPruYS2UWh56,5610928
SEVENTEEN,https://open.spotify.com/artist/2wJ4vsxWd7df7dRU4KcoDe,298865
SF9,https://open.spotify.com/artist/7LOmc7gyMVMOWF8qwEdn2X,808493
SG Wannabe,https://open.spotify.com/artist/2c3IakpImjWyeXNvyyGsdn,65806
SHA SHA,https://open.spotify.com/artist/3SXwqSqAoBz9WCI9PDQzY6,86418
ShaFLA,https://open.spotify.com/artist/66riSKDVOc3vPkeyju0q0o,38329
She'Z,https://open.spotify.com/artist/52x2ZlHpeYlBTbW6U2r6JI,0
SHINee,https://open.spotify.com/artist/2hRQKC0gqlZGPrmUKbcchR,1680002
SHINHWA,https://open.spotify.com/artist/0jVvkFPa6YbFXQ3Qmhita0,Loading...
SIGNAL (group),https://open.spotify.com/artist/0reayiIvqxl9gTgZ7JipFW,10
SIOSIJAK,https://open.spotify.com/artist/5qRSs6mvI17zrkJpOHkCoM,2409884
SISTAR,https://open.spotify.com/artist/2wTLheTmMcFCA4hdY8hZJP,596748
Six Bomb,https://open.spotify.com/artist/3pTE9iaJTkWns3mxpNQlJV,695158
SKarf,https://open.spotify.com/artist/6sL7vXxnUO5fvRoYXiWZTU,37
SKYGIRLS,https://open.spotify.com/artist/3M3wTTCDwicRubwMyHyEDy,22646
SMROOKIES,https://open.spotify.com/artist/1sjw4xq2pAWy5Vdgba5QAt,235124
SNUPER,https://open.spotify.com/artist/0hCNtLu0JehylgoiP8L4Gh,17374015
Sol-T,https://open.spotify.com/artist/1BdgyHJZID1ceLLg31KyAv,22358
Solid,https://open.spotify.com/artist/5f7VJjfbwm532GiveGC0ZK,3787734
SONAMOO,https://open.spotify.com/artist/2MY1GcYSTw3QH2C1Umzsq0,128987
Sparkling,https://open.spotify.com/artist/1ZJbPwe4zKnUDRT7yi9dBC,266
SPECTRUM (group),https://open.spotify.com/artist/6ySxYu68zTsO5ghsThpGtS,165806
SPICA,https://open.spotify.com/artist/4hSzJm2YTXFH8VRgPX2IkU,7297
SS501,https://open.spotify.com/artist/6rmMpoeu2SIV4OLURCOn2e,Loading...
STARSHIPZ,https://open.spotify.com/artist/0hCNtLu0JehylgoiP8L4Gh,17374015
Stellar,https://open.spotify.com/artist/3YcBF2ttyueytpXtEzn1Za,2184398
Stray Kids,https://open.spotify.com/artist/2dIgFjalVxs4ThymZ67YCE,1924614
Sugar Moon,https://open.spotify.com/artist/3cIXmCH7iNcslTbwrwS7zy,64006
Sugar Tint,https://open.spotify.com/artist/49TTGvHDdm7qx1j1q1jtDJ,1087
Sunny Days,https://open.spotify.com/artist/536osqBGKzeozje8BfcGsa,217889
Sunny Hill,https://open.spotify.com/artist/53vBEi3gGXKFxzz8WzsmAw,272
Sunny Play,https://open.spotify.com/artist/7DWL1f2n0bdG747Hb1SUrC,7576
SUPA,https://open.spotify.com/artist/0Cp8WN4V8Tu4QJQwCN5Md4,192260
SUPER JUNIOR,https://open.spotify.com/artist/6gzXCdfYfFe5XKhPKkYqxV,1562106
Category:Supergroups,,#VALUE!
SUPERKIDS,https://open.spotify.com/artist/77avA3qzF6itxvXlb2mmNy,162200
SuperM,https://open.spotify.com/artist/6eUKZXaKkcviH0Ku9w2n3V,61863316
SURPRISE U,https://open.spotify.com/artist/06FvvzAQBhG5bfiMHwmvyE,296
Swalla,https://open.spotify.com/artist/07YZf4WDAMNwqr4jfgOZ8y,7522441
SWAN,https://open.spotify.com/artist/7iZtZyCzp3LItcw1wtPI3D,5732890
Switch Berry,https://open.spotify.com/artist/6DHayIQzM09whA3cNAh0cs,472
T-ARA,https://open.spotify.com/artist/1R52cwGf75yTf7I3Q0Irf8,461482
T-MAX,https://open.spotify.com/artist/55fhWPvDiMpLnE4ZzNXZyW,562346
T.E.N,https://open.spotify.com/artist/31jvzuB4ikftPQZJwrYfCF,294683
Tahiti,https://open.spotify.com/artist/58etTNn7xmsQZhjnfjpAXL,146819
TARGET,https://open.spotify.com/artist/19b5Zn4pI7sCFiHfSlRFSc,41
TEEN TOP,https://open.spotify.com/artist/3offPqpKAKmpQkIdWnjzkc,255634
The Ark,https://open.spotify.com/artist/4mLJ3XfOM5FPjSAWdQ2Jk7,301970
THE BOYZ,https://open.spotify.com/artist/0CmvFWTX9zmMNCUi6fHtAx,538968
The Grace,https://open.spotify.com/artist/0OcclcP5o8VKH2TRqSY2A7,312785
The King,https://open.spotify.com/artist/4Uc8Dsxct0oMqx0P6i60ea,943117
The LEGEND,https://open.spotify.com/artist/1IwzmBTWI4CzUNsZM7Zqd8,22106
The Lush,https://open.spotify.com/artist/0YM0WizsRh0lblEA9fdDRX,2951
THE MAN BLK,https://open.spotify.com/artist/23A3rj4T2ebQpysgO9MfZs,1226
The Pink Lady,https://open.spotify.com/artist/2uibVmDet43j9KE2K4yfLh,118
The Rose,https://open.spotify.com/artist/13y0kncDD4J9wxCyfKr10W,345493
The SeeYa,https://open.spotify.com/artist/0JGN9XIqm3vfg7hhPHjExI,30834
The Starz,https://open.spotify.com/artist/7b697TI9p2abLzSo3eJTKW,47036
The T-Bird,https://open.spotify.com/artist/7BfKzWvOnw7aAUU4NLLRD0,8105
TheEastLight.,https://open.spotify.com/artist/5x7k26rKsDRDbIBWT6YGuS,47045
TINT,https://open.spotify.com/artist/3jK9MiCrA42lLAdMGUZpwa,1382934
Tiny-G,https://open.spotify.com/artist/3mJ9GlkLzj8Ka7Z7EQaCMi,304447
TOO,https://open.spotify.com/artist/3TVXtAsR1Inumwj472S9r4,45750724
Category:Trainee groups,,#VALUE!
Category:Transgender groups,,#VALUE!
TraxX,https://open.spotify.com/artist/6uNSM5BYyBnn6Os7CpDWtw,106
TRCNG,https://open.spotify.com/artist/07Fxramv7R9p4IHJI7Oeqe,82681
TREASURE,https://open.spotify.com/artist/0du5cEVh5yTK9QJze8zA0C,31708087
TREI,https://open.spotify.com/artist/4stSxe6AbpXw3x7nRDsYVX,1020745
TREN-D,https://open.spotify.com/artist/0K59Fm1y7s3j498ueS4qzY,169042
TRITOPS,https://open.spotify.com/artist/6zB02lwP6L6ZH32nggQiJT,222212
TROPICAL,https://open.spotify.com/artist/5UjifI1TYefXWn9GdqDOHl,104908
TST,https://open.spotify.com/artist/5LHRHt1k9lMyONurDHEdrp,5539864
TURAN,https://open.spotify.com/artist/0OzxPXyowUEQ532c9AmHUR,245221
TVXQ!,https://open.spotify.com/artist/6nVMMEywS5Y4tsHPKx1nIo,523900
TWEETY,https://open.spotify.com/artist/2zhmsu0oNMCAThnlGhbrrD,9
TWICE,https://open.spotify.com/artist/5krkohEVJYw0qoB5VWwxaC,404323
Two X,https://open.spotify.com/artist/3ApUX1o6oSz321MMECyIYd,449278
TXT,https://open.spotify.com/artist/5nSAh3wlH7VaqpnkiMjzDs,173158
U-HOO (group),https://open.spotify.com/artist/1hTR8wg35rNLKf1Gnzruqf,0
U-KISS,https://open.spotify.com/artist/07XSN3sPlIlB2L2XNcTwJw,4494982
U-US,https://open.spotify.com/artist/3ApUX1o6oSz321MMECyIYd,449278
U.A,https://open.spotify.com/artist/6k6lSmhyFpe2oYcredvZHM,20315
UNB,https://open.spotify.com/artist/2jnIB6XdLvnJUeNTy5A0J2,2001945
Underdog,https://open.spotify.com/artist/3DiDSECUqqY1AuBP8qtaIa,7391258
UNI,https://open.spotify.com/artist/13ZEDW6vyBF12HYcZRr4EV,383658
UNI.T,https://open.spotify.com/artist/3OKg7YbOIatODzkRIbLJR4,687053
Unica,https://open.spotify.com/artist/1i8SpTcr7yvPOmcqrbnVXY,22338199
Unicorn,https://open.spotify.com/artist/1RyvyyTE3xzB2ZywiAwp0i,8533681
UnionWave girl group,,#VALUE!
UNIQ,https://open.spotify.com/artist/1ZJbPwe4zKnUDRT7yi9dBC,266
UNIZ,https://open.spotify.com/artist/13ZEDW6vyBF12HYcZRr4EV,383658
Unnies,https://open.spotify.com/artist/1yiDnFMFWXLovGSw3tcFVg,27927
UNVS,https://open.spotify.com/artist/3NPpFNZtSTHheNBaWC82rB,2004516
UP10TION,https://open.spotify.com/artist/2LjaeuGS0ubYXZfNihGp9y,278689
UTH,https://open.spotify.com/artist/2gBjLmx6zQnFGQJCAQpRgw,1470640
V.O.S,https://open.spotify.com/artist/4U7lXyKdSf1JbM1aXvsodC,1778909
Vanilla Lucy,,#VALUE!
VANNER,https://open.spotify.com/artist/7ED7dE68y0YZGpyXcuiRsI,38552
Various,https://open.spotify.com/artist/1moxjboGR7GNWYIMWsRjgG,5094328
VARSITY,https://open.spotify.com/artist/339XMxg3AyRbEfeIAlxB2c,55537
VAV,https://open.spotify.com/artist/1JPy5PsJtkhftfdr6saN2i,547468
Venus (group),https://open.spotify.com/artist/7zHhscQ9kdR9fNGAffWz6z,41233
VERIVERY,https://open.spotify.com/artist/1fWUcRSok57yRm8gPKj1Fc,62853
VERMUDA,https://open.spotify.com/artist/46NCqFl8vhQZD77y7XkvJs,5957
Vetty-L,https://open.spotify.com/artist/3FHTlMRx2WSQNrLwXkw8bp,3251
VICTON,https://open.spotify.com/artist/0ziR2zN0NFcB4x1G3P8cW3,218988
Vine girl group,,#VALUE!
VIOLET (group),https://open.spotify.com/artist/31uyAcnY0kjjKKIQZMKX4i,96493
VIVA (group),https://open.spotify.com/artist/0oEZDkrxkJURT0wuDPiLg0,Loading...
VIVIDIVA,https://open.spotify.com/artist/26T4yOaOoFJvUvxR87Y9HO,892036
VIXX,https://open.spotify.com/artist/5BkB3rXc0qIdUtuEnhbK0A,744994
VL BOYS,https://open.spotify.com/artist/7FMX7OfnLXoe1yTwyZvHZh,7
VOISPER,https://open.spotify.com/artist/28o2sfwC8lk9POD0wVXbXJ,21026
VROMANCE,https://open.spotify.com/artist/5YPW3OmiqnqnQaFjloAvA7,34906
VX,https://open.spotify.com/artist/5hTIFwXF6tZRBXeCYvFVWM,2100
W24,https://open.spotify.com/artist/7atuUUktuP1wDbkkgdNvxI,37741
Wanna One,https://open.spotify.com/artist/2CvaqAMMsX576VBehaJ0Wx,1456043
WANNA.B,https://open.spotify.com/artist/2KC9Qb60EaY0kW4eH68vr3,558671
Wassup,https://open.spotify.com/artist/4O15NlyKLIASxsJ0PrXPfz,#N/A
WayV,https://open.spotify.com/artist/1qBsABYUrxg9afpMtyoFKz,486481
We Girls,https://open.spotify.com/artist/27fzZkyzYjg5xTNkZ5on3n,4872
WE IN THE ZONE,https://open.spotify.com/artist/2aCSYXdXqJNaXk99vjYnkQ,12671
Weki Meki,https://open.spotify.com/artist/5LWkv2hDbDwZL3zNwZYNPx,400743
Welldone Potato,,#VALUE!
White Day Project,https://open.spotify.com/artist/09lgO1DVsncVfcbm2OnNMg,966
Whiteday (group),,#VALUE!
WINNER,https://open.spotify.com/artist/3jK9MiCrA42lLAdMGUZpwa,1382934
WishGirls,https://open.spotify.com/artist/6ZV6lGY0prbqpTD0Md8i29,571077
WJMK,https://open.spotify.com/artist/72N8SYBHUEozxzu8FOzzkp,8224
WJSN,https://open.spotify.com/artist/6hhqsQZhtp9hfaZhSd0VSD,320934
WM Ggumnamu,,#VALUE!
Wonder Girls,https://open.spotify.com/artist/3Cv2vi3WTl8VZOTdrBkKdM,280886
Woo! Ah! (group),,#VALUE!
Wuzo Circle,,#VALUE!
X1,https://open.spotify.com/artist/7suLW93RkuQKWb4WTI5F14,45283
XENEX,https://open.spotify.com/artist/6Sw3nJorsqpKrxuKcfTHrJ,605
XENO-T,https://open.spotify.com/artist/0KWgRtUbQXSiICkWp7g213,9720
XoX (group),https://open.spotify.com/artist/2AekD2rVleN9Lo2ATHzhNY,24
Xst,https://open.spotify.com/artist/5rn3BUzOWjGGWkCSHQsADZ,29174
Y TEEN,https://open.spotify.com/artist/61UT1Zj9dFgPAjZfwnsqsb,324120
YDPP,https://open.spotify.com/artist/5zctI4wO9XSKS8XwcnqEHk,1789802
Ye-A,https://open.spotify.com/artist/68DWke2VjdDmA75aJX5C57,1309018
Year 7 Class 1,https://open.spotify.com/artist/459INk8vcC0ebEef82WjIK,414817
Yellow Bee,https://open.spotify.com/artist/6Q3Tl70QuwM7eQ9f0W0iAq,987
YJIG,https://open.spotify.com/artist/21Tp0aROiJGTa0BgFGsC6v,4342
YPDA,https://open.spotify.com/artist/3jK9MiCrA42lLAdMGUZpwa,1382934
YULiONi,https://open.spotify.com/artist/6h9B8wche8pbvJ0wiWKn8q,29962
Z-Boys,https://open.spotify.com/artist/3LTXHU3DhiYzGIgF2PP8Q8,107365
Z-Girls,https://open.spotify.com/artist/4v3XTsEsEYpky647vLBR0d,8302
Z-Stars,https://open.spotify.com/artist/2qxJFvFYMEDqd7ui6kSAcq,5100482
ZE:A,https://open.spotify.com/artist/6lGfLCig2b5mvDTtsPSrb0,21116
ZPZG,https://open.spotify.com/artist/2pvCf5g7XBReiPIvcq7W18,30308